{
    "jvs001": 154.15393695096841,
    "jvs002": 225.12483476960645,
    "jvs003": 163.95082896301568,
    "jvs004": 261.11995027392777,
    "jvs005": 147.1826353842057,
    "jvs006": 101.21104998124494,
    "jvs007": 218.65889429786915,
    "jvs008": 239.9561416483236,
    "jvs009": 127.87445672648292,
    "jvs010": 297.7900789658135,
    "jvs011": 170.46792602959383,
    "jvs012": 122.74719524960851,
    "jvs013": 158.90434353874872,
    "jvs014": 286.6324810850832,
    "jvs015": 264.43626612314745,
    "jvs016": 204.10152879760358,
    "jvs017": 224.81372706823691,
    "jvs018": 222.13888142418315,
    "jvs019": 243.27132322848655,
    "jvs020": 146.08802594838696,
    "jvs021": 111.7133257962243,
    "jvs022": 127.71357970593459,
    "jvs023": 132.25369971799725,
    "jvs024": 255.30024517241282,
    "jvs025": 232.8659955652797,
    "jvs026": 271.82727466756944,
    "jvs027": 244.2479310009032,
    "jvs028": 121.70634712693678,
    "jvs029": 226.77799524529075,
    "jvs030": 257.565236166014,
    "jvs031": 126.21586424207808,
    "jvs032": 176.61838598990414,
    "jvs033": 146.24293265209408,
    "jvs034": 121.35752431153664,
    "jvs035": 219.92940468926528,
    "jvs036": 261.81221629923584,
    "jvs037": 111.83717108173309,
    "jvs038": 234.2872424934973,
    "jvs039": 249.80507913054763,
    "jvs040": 240.27459368173677,
    "jvs041": 150.67032065780595,
    "jvs042": 131.72045485710964,
    "jvs043": 221.39333472237573,
    "jvs044": 134.06459011452444,
    "jvs045": 140.4459076409513,
    "jvs046": 139.98315948349972,
    "jvs047": 147.69455651482352,
    "jvs048": 112.6948356133906,
    "jvs049": 134.41430110237914,
    "jvs050": 140.94612367640983,
    "jvs051": 250.13282971579176,
    "jvs052": 163.02599825151376,
    "jvs053": 239.2638523654952,
    "jvs054": 148.7570816157833,
    "jvs055": 238.97852185968748,
    "jvs056": 233.3337997297397,
    "jvs057": 221.35299420899926,
    "jvs058": 232.15197674943022,
    "jvs059": 235.15712324929757,
    "jvs060": 233.95798890927048,
    "jvs061": 248.78527869755683,
    "jvs062": 223.99225945328126,
    "jvs063": 239.15163095892618,
    "jvs064": 218.25433282454475,
    "jvs065": 254.2215138247948,
    "jvs066": 252.48959110379454,
    "jvs067": 253.34440234621712,
    "jvs068": 132.14611235585687,
    "jvs069": 233.83976301320448,
    "jvs070": 140.22543398465749,
    "jvs071": 115.6026107307814,
    "jvs072": 242.32037330368786,
    "jvs073": 143.6466128532882,
    "jvs074": 122.73670327145534,
    "jvs075": 159.26646569266137,
    "jvs076": 149.2696137324476,
    "jvs077": 160.24039733343176,
    "jvs078": 113.73817766312574,
    "jvs079": 137.77973264174855,
    "jvs080": 157.78832284990628,
    "jvs081": 136.3627938812708,
    "jvs082": 224.53154862260632,
    "jvs083": 261.2490354890276,
    "jvs084": 232.09082519745033,
    "jvs085": 245.60960082347117,
    "jvs086": 137.60113171613762,
    "jvs087": 162.1908031420104,
    "jvs088": 133.68903879847028,
    "jvs089": 127.4216988865579,
    "jvs090": 271.88648272124004,
    "jvs091": 218.60130443807492,
    "jvs092": 212.0368681592951,
    "jvs093": 280.7650188285836,
    "jvs094": 228.79349460608103,
    "jvs095": 232.94425748997273,
    "jvs096": 256.1614949013948,
    "jvs097": 171.48372060201996,
    "jvs098": 186.65141629659516,
    "jvs099": 167.40400921827776,
    "jvs100": 128.31065337295408
}